sophia, A00101, 5035 University Ave Waterloo, Manager, 21970
jackson, A00102, 8144 University Ave Waterloo, Developer, 19170
olivia, A00103, 8656 University Ave Waterloo, Developer, 10565
liam, A00104, 8566 University Ave Waterloo, Developer, 14839
emma, A00105, 4074 University Ave Waterloo, Developer, 13814
noah, A00106, 7266 University Ave Waterloo, Manager, 32230
ava, A00107, 9099 University Ave Waterloo, Developer, 27592
aiden, A00108, 9986 University Ave Waterloo, Developer, 30075
isabella, A00109, 5104 University Ave Waterloo, Developer, 26885
lucas, A00110, 4458 University Ave Waterloo, Developer, 28437
mia, A00111, 4686 University Ave Waterloo, Developer, 15077
caden, A00112, 9919 University Ave Waterloo, Developer, 28069
aria, A00113, 6664 University Ave Waterloo, Manager, 31901
grayson, A00114, 4514 University Ave Waterloo, Manager, 22987
riley, A00115, 10218 University Ave Waterloo, Manager, 18726
mason, A00116, 9734 University Ave Waterloo, Developer, 24714
zoe, A00117, 7466 University Ave Waterloo, Developer, 24552
elijah, A00118, 3039 University Ave Waterloo, Developer, 19543
amelia, A00119, 10115 University Ave Waterloo, Manager, 26966
logan, A00120, 3736 University Ave Waterloo, Developer, 15070
layla, A00121, 8414 University Ave Waterloo, Developer, 23220
oliver, A00122, 6115 University Ave Waterloo, Developer, 29440
charlotte, A00123, 2969 University Ave Waterloo, Developer, 24845
ethan, A00124, 7190 University Ave Waterloo, Developer, 22966
aubrey, A00125, 8500 University Ave Waterloo, Developer, 11450
jayden, A00126, 9097 University Ave Waterloo, Manager, 17340
lily, A00127, 3587 University Ave Waterloo, Developer, 18661
muhammad, A00128, 9484 University Ave Waterloo, Manager, 24848
chloe, A00129, 7498 University Ave Waterloo, Developer, 22231
carter, A00130, 9631 University Ave Waterloo, Developer, 31215
harper, A00131, 4755 University Ave Waterloo, Developer, 28179
michael, A00132, 7230 University Ave Waterloo, Manager, 32835
evelyn, A00133, 3797 University Ave Waterloo, Developer, 24983
sebastian, A00134, 7482 University Ave Waterloo, Manager, 23814
adalyn, A00135, 9623 University Ave Waterloo, Developer, 21717
alexander, A00136, 6191 University Ave Waterloo, Developer, 25141
emily, A00137, 5183 University Ave Waterloo, Developer, 15230
jacob, A00138, 4619 University Ave Waterloo, Developer, 32418
abigail, A00139, 7488 University Ave Waterloo, Developer, 12236
benjamin, A00140, 9855 University Ave Waterloo, Manager, 10080
madison, A00141, 6069 University Ave Waterloo, Developer, 18868
james, A00142, 5607 University Ave Waterloo, Manager, 11908
aaliyah, A00143, 6938 University Ave Waterloo, Developer, 21673
ryan, A00144, 6390 University Ave Waterloo, Manager, 28851
avery, A00145, 3888 University Ave Waterloo, Developer, 14932
matthew, A00146, 9237 University Ave Waterloo, Developer, 21165
ella, A00147, 7503 University Ave Waterloo, Developer, 25224
daniel, A00148, 7717 University Ave Waterloo, Developer, 13961
scarlett, A00149, 4652 University Ave Waterloo, Developer, 21668
jayce, A00150, 4928 University Ave Waterloo, Manager, 29666
maya, A00151, 815 University Ave Waterloo, Developer, 17726
mateo, A00152, 7458 University Ave Waterloo, Developer, 18476
mila, A00153, 3367 University Ave Waterloo, Developer, 16217
caleb, A00154, 4364 University Ave Waterloo, Manager, 32482
nora, A00155, 9183 University Ave Waterloo, Manager, 33219
luke, A00156, 6935 University Ave Waterloo, Developer, 24648
camilla, A00157, 6183 University Ave Waterloo, Manager, 18454
julian, A00158, 10179 University Ave Waterloo, Developer, 27575
arianna, A00159, 9349 University Ave Waterloo, Developer, 23855
jack, A00160, 3448 University Ave Waterloo, Developer, 12655
eliana, A00161, 5545 University Ave Waterloo, Manager, 29769
william, A00162, 2744 University Ave Waterloo, Manager, 20717
hannah, A00163, 4417 University Ave Waterloo, Manager, 20308
wyatt, A00164, 6333 University Ave Waterloo, Developer, 24607
leah, A00165, 3907 University Ave Waterloo, Developer, 17301
gabriel, A00166, 6631 University Ave Waterloo, Developer, 18821
ellie, A00167, 10722 University Ave Waterloo, Developer, 20303
connor, A00168, 6042 University Ave Waterloo, Developer, 25173
kaylee, A00169, 5299 University Ave Waterloo, Developer, 28446
henry, A00170, 7168 University Ave Waterloo, Manager, 23176
kinsley, A00171, 7291 University Ave Waterloo, Manager, 21423
isaiah, A00172, 10258 University Ave Waterloo, Developer, 26751
hailey, A00173, 6314 University Ave Waterloo, Developer, 26599
isaac, A00174, 6813 University Ave Waterloo, Developer, 17372
madelyn, A00175, 3584 University Ave Waterloo, Manager, 32050
owen, A00176, 8642 University Ave Waterloo, Developer, 22244
paisley, A00177, 7080 University Ave Waterloo, Developer, 22315
levi, A00178, 6633 University Ave Waterloo, Developer, 28184
elizabeth, A00179, 93 University Ave Waterloo, Developer, 29827
cameron, A00180, 939 University Ave Waterloo, Developer, 12100
addison, A00181, 7364 University Ave Waterloo, Developer, 11663
nicholas, A00182, 8613 University Ave Waterloo, Developer, 21112
isabelle, A00183, 4187 University Ave Waterloo, Developer, 26565
josiah, A00184, 10821 University Ave Waterloo, Developer, 21630
anna, A00185, 10230 University Ave Waterloo, Manager, 20674
lincoln, A00186, 5528 University Ave Waterloo, Developer, 12223
sarah, A00187, 8643 University Ave Waterloo, Manager, 22828
dylan, A00188, 3401 University Ave Waterloo, Manager, 39110
brooklyn, A00189, 9258 University Ave Waterloo, Manager, 27243
samuel, A00190, 9895 University Ave Waterloo, Developer, 10494
mackenzie, A00191, 6110 University Ave Waterloo, Manager, 15153
john, A00192, 3715 University Ave Waterloo, Developer, 17268
victoria, A00193, 4002 University Ave Waterloo, Developer, 26128
nathan, A00194, 7913 University Ave Waterloo, Developer, 18104
luna, A00195, 7329 University Ave Waterloo, Developer, 32000
leo, A00196, 8921 University Ave Waterloo, Manager, 24843
penelope, A00197, 6808 University Ave Waterloo, Manager, 31477
david, A00198, 5521 University Ave Waterloo, Developer, 32419
grace, A00199, 4716 University Ave Waterloo, Developer, 24220
adam, A00200, 606 University Ave Waterloo, Developer, 31885
elena, A00201, 7184 University Ave Waterloo, Developer, 10108
eli, A00202, 5828 University Ave Waterloo, Developer, 23918
peyton, A00203, 10657 University Ave Waterloo, Manager, 14553
landon, A00204, 3796 University Ave Waterloo, Developer, 30560
lillian, A00205, 8413 University Ave Waterloo, Developer, 28518
joseph, A00206, 10726 University Ave Waterloo, Developer, 14693
skyler, A00207, 9307 University Ave Waterloo, Developer, 22888
christian, A00208, 3603 University Ave Waterloo, Developer, 26208
natalie, A00209, 9153 University Ave Waterloo, Developer, 24300
ian, A00210, 6306 University Ave Waterloo, Developer, 29174
charlie, A00211, 8294 University Ave Waterloo, Developer, 23967
anthony, A00212, 6735 University Ave Waterloo, Developer, 17476
stella, A00213, 8681 University Ave Waterloo, Developer, 21519
brayden, A00214, 2809 University Ave Waterloo, Developer, 23856
savannah, A00215, 10227 University Ave Waterloo, Developer, 15442
aaron, A00216, 6367 University Ave Waterloo, Developer, 11696
kennedy, A00217, 3213 University Ave Waterloo, Manager, 35030
hunter, A00218, 7860 University Ave Waterloo, Manager, 20463
lila, A00219, 8173 University Ave Waterloo, Developer, 29793
adrian, A00220, 9483 University Ave Waterloo, Developer, 25228
liliana, A00221, 8587 University Ave Waterloo, Developer, 14303
joshua, A00222, 3518 University Ave Waterloo, Developer, 22075
bella, A00223, 10141 University Ave Waterloo, Manager, 29684
andrew, A00224, 3759 University Ave Waterloo, Manager, 17705
callie, A00225, 3671 University Ave Waterloo, Developer, 26100
carson, A00226, 8753 University Ave Waterloo, Developer, 20041
audrey, A00227, 9598 University Ave Waterloo, Developer, 31103
dominic, A00228, 1365 University Ave Waterloo, Manager, 23903
lucy, A00229, 8140 University Ave Waterloo, Developer, 28928
asher, A00230, 9496 University Ave Waterloo, Manager, 16776
aurora, A00231, 10250 University Ave Waterloo, Manager, 31187
colton, A00232, 2213 University Ave Waterloo, Developer, 29879
hazel, A00233, 4405 University Ave Waterloo, Developer, 25953
christopher, A00234, 6190 University Ave Waterloo, Developer, 28828
makayla, A00235, 827 University Ave Waterloo, Developer, 15539
jordan, A00236, 1428 University Ave Waterloo, Manager, 16012
violet, A00237, 3873 University Ave Waterloo, Developer, 31929
bryson, A00238, 7363 University Ave Waterloo, Developer, 25959
reagan, A00239, 6070 University Ave Waterloo, Developer, 18994
ezra, A00240, 3200 University Ave Waterloo, Developer, 26352
emery, A00241, 6594 University Ave Waterloo, Developer, 31221
easton, A00242, 10691 University Ave Waterloo, Developer, 30636
emilia, A00243, 1690 University Ave Waterloo, Developer, 16357
xavier, A00244, 10257 University Ave Waterloo, Developer, 26927
gabriella, A00245, 6804 University Ave Waterloo, Developer, 25389
jeremiah, A00246, 10527 University Ave Waterloo, Developer, 23027
maria, A00247, 3684 University Ave Waterloo, Developer, 23373
zane, A00248, 1615 University Ave Waterloo, Developer, 17941
sophie, A00249, 7838 University Ave Waterloo, Manager, 25831
luca, A00250, 7338 University Ave Waterloo, Manager, 24844
claire, A00251, 8043 University Ave Waterloo, Developer, 20282
charlie, A00252, 5663 University Ave Waterloo, Developer, 20368
everly, A00253, 4416 University Ave Waterloo, Developer, 28827
nolan, A00254, 3890 University Ave Waterloo, Developer, 24980
allison, A00255, 5609 University Ave Waterloo, Developer, 27167
hudson, A00256, 6125 University Ave Waterloo, Manager, 20629
eva, A00257, 5016 University Ave Waterloo, Developer, 28028
damian, A00258, 3489 University Ave Waterloo, Developer, 19032
eleanor, A00259, 6269 University Ave Waterloo, Developer, 16888
thomas, A00260, 7801 University Ave Waterloo, Developer, 27876
melanie, A00261, 8662 University Ave Waterloo, Developer, 29308
max, A00262, 1761 University Ave Waterloo, Developer, 29051
kylie, A00263, 5619 University Ave Waterloo, Manager, 32589
evan, A00264, 4625 University Ave Waterloo, Developer, 25866
nevaeh, A00265, 8825 University Ave Waterloo, Manager, 19734
jonathan, A00266, 6680 University Ave Waterloo, Developer, 26233
alice, A00267, 4917 University Ave Waterloo, Manager, 24500
miles, A00268, 5868 University Ave Waterloo, Developer, 21642
adeline, A00269, 4294 University Ave Waterloo, Developer, 24072
elliot, A00270, 6881 University Ave Waterloo, Developer, 27177
alaina, A00271, 5535 University Ave Waterloo, Developer, 27768
elias, A00272, 2786 University Ave Waterloo, Developer, 10394
gianna, A00273, 7070 University Ave Waterloo, Developer, 27431
austin, A00274, 4131 University Ave Waterloo, Developer, 31077
london, A00275, 6329 University Ave Waterloo, Developer, 23612
kai, A00276, 5784 University Ave Waterloo, Developer, 13327
naomi, A00277, 5052 University Ave Waterloo, Developer, 24593
ezekiel, A00278, 6190 University Ave Waterloo, Developer, 32745
bailey, A00279, 10471 University Ave Waterloo, Developer, 10271
xander, A00280, 5775 University Ave Waterloo, Developer, 27288
serenity, A00281, 7528 University Ave Waterloo, Developer, 11266
maverick, A00282, 5970 University Ave Waterloo, Developer, 26076
jocelyn, A00283, 10910 University Ave Waterloo, Developer, 11134
chase, A00284, 2263 University Ave Waterloo, Manager, 25930
juliana, A00285, 10193 University Ave Waterloo, Developer, 28870
tristan, A00286, 9831 University Ave Waterloo, Developer, 21329
julia, A00287, 7034 University Ave Waterloo, Manager, 22683
jason, A00288, 5761 University Ave Waterloo, Developer, 27584
isla, A00289, 8155 University Ave Waterloo, Developer, 15506
cooper, A00290, 10715 University Ave Waterloo, Manager, 20652
sadie, A00291, 8000 University Ave Waterloo, Developer, 25615
jameson, A00292, 6287 University Ave Waterloo, Developer, 26880
ariel, A00293, 10000 University Ave Waterloo, Manager, 15602
gavin, A00294, 9932 University Ave Waterloo, Manager, 14789
caroline, A00295, 9737 University Ave Waterloo, Manager, 18561
alex, A00296, 8918 University Ave Waterloo, Developer, 26975
jasmine, A00297, 8182 University Ave Waterloo, Developer, 13217
eric, A00298, 9474 University Ave Waterloo, Developer, 31998
clara, A00299, 3387 University Ave Waterloo, Manager, 30532
bentley, A00300, 10185 University Ave Waterloo, Manager, 31714
